id,lat,lon,data,hora,timestamp,estadoId,municipioId,biomaId
1253612381166683978,-10.51991,-36.72927,04/01/2024,16:49,1704386940,25,3293,4
4015268648193545520,-10.83265,-37.96009,04/01/2024,16:49,1704386940,25,4430,2
7537412709264912502,-10.74065,-37.01249,04/01/2024,16:49,1704386940,25,4257,4
3401227288117192366,-10.52015,-36.72354,04/01/2024,16:49,1704386940,25,3293,4
983476315003285203,-10.51785,-36.70947,04/01/2024,16:49,1704386940,25,3293,4
5144881550586914160,-10.51771,-36.71516,04/01/2024,16:49,1704386940,25,3293,4
2618608071045328399,-10.21628,-37.12393,04/01/2024,16:49,1704386940,25,244,4
7891647247786968130,-10.21379,-37.12995,04/01/2024,16:49,1704386940,25,244,4
4770970013223414606,-11.02575,-38.04198,13/01/2024,16:30,1705163400,25,4926,2
6882396329875927625,-10.05033,-37.22977,15/01/2024,16:13,1705335180,25,1752,2
7577529596424319385,-10.25065,-37.25198,16/01/2024,16:56,1705424160,25,1821,4
1716477604299831172,-10.85953,-37.85283,17/01/2024,15:58,1705507080,25,4430,2
1442748504526447032,-10.8551,-37.85736,17/01/2024,15:58,1705507080,25,4430,2
1014082053842077940,-9.8665,-37.37144,18/01/2024,16:39,1705595940,25,3709,2
5603732592895418253,-10.43328,-37.15092,18/01/2024,16:39,1705595940,25,3092,4
128223123286261790,-10.68284,-37.26395,06/01/2024,16:34,1704558840,25,2700,4
4410712352719979675,-10.74617,-37.06081,23/01/2024,16:49,1706028540,25,4257,4
8597874723627797674,-10.67515,-37.02004,23/01/2024,16:49,1706028540,25,4034,4
8532504530284079730,-10.57726,-36.98454,30/01/2024,16:45,1706633100,25,2364,4
8900740075831356711,-10.31682,-36.74268,01/02/2024,16:28,1706804880,25,3073,4
5344473368380274338,-10.76758,-37.16088,06/02/2024,16:39,1707237540,25,2575,4
6274554562796277169,-10.66175,-36.81856,06/02/2024,16:39,1707237540,25,3605,4
9212782648806376189,-10.64638,-37.09233,06/02/2024,16:39,1707237540,25,1449,4
4477100677180994802,-10.64503,-37.08315,06/02/2024,16:39,1707237540,25,4034,4
1992318533463029840,-10.47639,-36.68731,06/02/2024,16:39,1707237540,25,3293,4
3238642859337454557,-10.36269,-37.67188,06/02/2024,16:39,1707237540,25,1002,2
1474220078762531551,-10.13599,-37.12599,06/02/2024,16:39,1707237540,25,2142,4
1856028501560451835,-10.12699,-37.12735,06/02/2024,16:39,1707237540,25,2142,4
5661798789102779331,-10.74066,-37.18917,13/02/2024,16:34,1707842040,25,3906,4
2641119371334730365,-10.73934,-37.17999,13/02/2024,16:34,1707842040,25,3906,4
1344131233697023653,-10.54487,-37.2103,01/03/2024,16:47,1709311620,25,3092,4
8119436666456331755,-10.87545,-37.95429,08/03/2024,16:39,1709915940,25,4430,2
58554405909895247,-10.83877,-37.63774,08/03/2024,16:39,1709915940,25,2509,2
9065895971309816247,-10.29573,-36.76145,08/03/2024,16:39,1709915940,25,3073,4
5229756779025628567,-9.92923,-37.20677,10/03/2024,16:24,1710087840,25,1752,2
4931871226253114889,-10.82891,-37.49968,15/03/2024,16:35,1710520500,25,868,4
637181961023719611,-11.39335,-37.52659,19/03/2024,16:03,1710864180,25,4157,4
2104484628340172988,-11.38888,-37.53164,19/03/2024,16:03,1710864180,25,4157,4
6577359730370471808,-11.40013,-37.91751,20/03/2024,16:41,1710952860,25,4932,2
6374750964669571637,-10.97256,-37.88733,20/03/2024,16:43,1710952980,25,3910,2
1856890241536049917,-10.94366,-37.88918,20/03/2024,16:43,1710952980,25,3910,2
7694982376369182026,-10.97124,-37.87832,20/03/2024,16:43,1710952980,25,3910,2
2767198353179086522,-10.839,-37.60956,20/03/2024,16:43,1710952980,25,2509,2
1757326246618192,-10.32205,-37.1669,20/03/2024,16:43,1710952980,25,1821,4
1280839068922423331,-10.32066,-37.15764,20/03/2024,16:43,1710952980,25,1821,4
4001164430132867403,-10.1706,-37.20264,20/03/2024,16:43,1710952980,25,1821,4
7378977591560913714,-11.12121,-37.41407,22/03/2024,16:26,1711124760,25,1598,4
2515180308632146057,-10.72995,-37.6817,22/03/2024,16:26,1711124760,25,2509,2
3503034690614398722,-10.5858,-36.77418,22/03/2024,16:26,1711124760,25,3605,4
1855402002257801675,-10.26553,-36.97533,22/03/2024,16:26,1711124760,25,244,4
6330834571376441879,-10.13833,-37.01135,22/03/2024,16:26,1711124760,25,922,4
8809411242181155729,-10.95475,-37.82124,23/03/2024,17:09,1711213740,25,2509,2
6913518934941215349,-10.85968,-37.6549,23/03/2024,17:09,1711213740,25,2509,2
7317183224080105379,-10.31027,-37.17733,23/03/2024,17:09,1711213740,25,1821,4
7656796012676199640,-10.30342,-37.17103,23/03/2024,17:09,1711213740,25,1821,4
1996979203889800729,-9.71361,-37.84988,25/03/2024,16:52,1711385520,25,925,2
8129189854953271294,-11.15118,-37.86748,03/04/2024,16:28,1712161680,25,4926,2
2762682503553312743,-11.14798,-37.86245,03/04/2024,16:28,1712161680,25,4926,2
976833565110440049,-10.3186,-37.16971,06/04/2024,16:54,1712422440,25,1821,4
7038243503776110278,-10.3167,-37.1576,06/04/2024,16:54,1712422440,25,1821,4
3063343862450296056,-10.27638,-36.92374,03/02/2024,16:13,1706976780,25,1096,4
6969072024319355835,-10.57263,-36.74941,08/02/2024,16:24,1707409440,25,2369,4
953998568098197468,-9.84132,-37.57909,13/04/2024,16:48,1713026880,25,3756,2
2741341345802481034,-10.32136,-37.57156,02/05/2024,16:39,1714667940,25,3090,2
4757947445964348877,-10.89178,-37.34679,14/05/2024,16:39,1715704740,25,2232,4
1964135303902170996,-10.89047,-37.33752,14/05/2024,16:39,1715704740,25,2232,4
1794637225818347235,-9.94084,-37.73061,01/07/2024,16:33,1719851580,25,3756,2
730925135493390849,-9.91952,-37.89495,07/08/2024,17:02,1723050120,25,3756,2
4317266866377466794,-9.86792,-37.77591,07/08/2024,17:02,1723050120,25,3756,2
7446865824631170579,-9.87273,-37.94016,14/08/2024,16:52,1723654320,25,925,2
1392799345395381270,-9.80466,-37.65804,14/08/2024,16:52,1723654320,25,3756,2
3984758863588113751,-9.93062,-37.90641,31/08/2024,16:52,1725123120,25,3756,2
5335679250927282451,-9.92932,-37.89739,31/08/2024,16:52,1725123120,25,3756,2
8334733688691240884,-9.92483,-37.23315,31/08/2024,16:52,1725123120,25,3709,2
7659519533404794817,-10.39015,-36.87584,12/09/2024,16:43,1726159380,25,2369,4
1160395921257056366,-10.38747,-36.85661,12/09/2024,16:43,1726159380,25,2369,4
5367677065980791248,-10.45731,-37.17118,27/09/2024,16:58,1727456280,25,3092,4
4063962612679556177,-11.03133,-37.12655,04/10/2024,16:43,1728060180,25,248,4
8154995371941479555,-10.46475,-36.52869,19/09/2024,16:33,1726763580,25,2027,4
6233556805502280712,-10.49747,-36.94736,29/09/2024,16:39,1727627940,25,2364,4
3674975196124966348,-10.49903,-36.95884,29/09/2024,16:39,1727627940,25,940,4
4939223807309868038,-10.47372,-37.03549,11/10/2024,16:30,1728664200,25,940,4
940811448556840792,-10.32494,-36.88498,11/10/2024,16:30,1728664200,25,4515,4
256945494052664235,-10.70894,-37.60528,12/10/2024,17:09,1728752940,25,2658,2
6908669387519069985,-10.70708,-37.59346,12/10/2024,17:09,1728752940,25,4501,2
3296506236457578955,-11.35991,-37.45051,14/10/2024,16:52,1728924720,25,4157,4
7692140982227969021,-11.13601,-37.29975,14/10/2024,16:52,1728924720,25,2232,4
3571577441412753526,-11.24024,-37.70644,19/10/2024,16:56,1729356960,25,2137,4
2164205581303210433,-10.5236,-36.75303,23/10/2024,16:20,1729700400,25,2369,4
6033868097456048870,-10.5201,-36.72426,23/10/2024,16:20,1729700400,25,3293,4
8248531312899673388,-10.46068,-36.85188,23/10/2024,16:20,1729700400,25,2369,4
3938774241568331971,-10.57119,-36.67653,26/10/2024,16:41,1729960860,25,3293,4
5977531092130838135,-10.0408,-37.59111,28/10/2024,16:24,1730132640,25,2951,2
6974756957363332652,-10.04016,-37.58362,28/10/2024,16:24,1730132640,25,2951,2
4588303646725142513,-10.03713,-37.56247,28/10/2024,16:24,1730132640,25,2951,2
5258688330990534596,-10.03672,-37.55506,28/10/2024,16:24,1730132640,25,2951,2
4306343262266013830,-10.57383,-36.68419,29/10/2024,17:05,1730221500,25,3293,4
9116766264816092447,-10.73897,-37.04052,02/11/2024,16:26,1730564760,25,4257,4
7046274761035078232,-10.95941,-37.69827,03/11/2024,17:06,1730653560,25,2509,4
8473276276352025812,-10.8846,-38.05686,03/11/2024,17:06,1730653560,25,4926,2
7904073031212145424,-10.54277,-36.85739,05/11/2024,16:49,1730825340,25,2364,4
5648417165508287629,-10.58497,-37.22287,05/11/2024,16:49,1730825340,25,3092,4
7470153745142856720,-9.93517,-37.91151,05/11/2024,16:49,1730825340,25,3756,2
1810835798131033227,-10.88394,-37.13503,05/11/2024,16:49,1730825340,25,3097,4
882425560137129417,-9.67241,-37.8711,05/11/2024,16:49,1730825340,25,925,2
2444031971938650143,-10.88532,-37.14503,05/11/2024,16:49,1730825340,25,3097,4
2385635821269296646,-10.5414,-36.84768,05/11/2024,16:49,1730825340,25,2364,4
421912377366338224,-10.23785,-37.03402,07/11/2024,16:30,1730997000,25,244,4
5448312853570673466,-10.24122,-37.0609,07/11/2024,16:30,1730997000,25,244,4
3903882913026702506,-10.24034,-37.05408,07/11/2024,16:30,1730997000,25,244,4
4402755432514559640,-10.23858,-37.04093,07/11/2024,16:30,1730997000,25,244,4
79695734908523577,-10.90322,-37.91833,10/11/2024,16:52,1731257520,25,3910,2
410170862479126016,-10.20215,-37.07646,13/11/2024,17:11,1731517860,25,244,4
3436121201272106162,-10.42367,-37.37664,13/11/2024,17:11,1731517860,25,4709,4
8231434815751133905,-9.98632,-37.4126,15/11/2024,16:54,1731689640,25,3709,2
3357173624541554182,-11.2763,-37.34465,15/11/2024,16:54,1731689640,25,1598,4
2994543540660307108,-10.51681,-36.7456,19/11/2024,16:17,1732033020,25,2369,4
1421369579739701170,-10.64075,-37.01641,20/11/2024,16:56,1732121760,25,4034,4
3829298028026907740,-10.63945,-37.00747,20/11/2024,16:56,1732121760,25,1022,4
3951063578513745279,-11.09273,-37.82158,22/11/2024,16:37,1732293420,25,3910,2
2699450950174819515,-11.09509,-37.83933,22/11/2024,16:37,1732293420,25,3910,2
7984856817645672261,-10.5331,-36.72663,22/11/2024,16:37,1732293420,25,3293,4
8684409383330789102,-11.09828,-37.83403,22/11/2024,16:37,1732293420,25,3910,2
4283238673499960942,-10.7229,-37.0686,23/11/2024,17:17,1732382220,25,2806,4
8044542986782502217,-10.72248,-37.05886,23/11/2024,17:17,1732382220,25,4034,4
6940674449506621198,-10.51764,-36.76254,24/11/2024,16:20,1732465200,25,2369,4
4976820233330400574,-10.54849,-36.98074,30/11/2024,17:00,1732986000,25,940,4
7604418958441593601,-11.13014,-37.23249,30/11/2024,17:00,1732986000,25,2232,4
440768120809317744,-9.5938,-38.0231,30/11/2024,17:02,1732986120,25,925,2
1901486303926063998,-11.1213,-37.23384,30/11/2024,17:00,1732986000,25,2232,4
2179454699395694969,-11.15178,-37.25673,30/11/2024,17:00,1732986000,25,2232,4
8868214649723377130,-11.12883,-37.2235,30/11/2024,17:00,1732986000,25,2232,4
519033046183786938,-9.59509,-38.03199,30/11/2024,17:02,1732986120,25,925,2
5168399151794651441,-10.37788,-37.17143,02/12/2024,16:41,1733157660,25,1366,4
5848872420244517331,-10.70232,-37.61889,03/12/2024,17:21,1733246460,25,2658,2
6009101337214967665,-11.2128,-37.43128,04/12/2024,16:24,1733329440,25,1598,4
3426368676165867425,-11.2002,-37.40569,04/12/2024,16:24,1733329440,25,1598,4
364003478900577848,-11.20882,-37.39739,04/12/2024,16:24,1733329440,25,1598,4
5636159848452568723,-10.50726,-36.7034,05/12/2024,17:02,1733418120,25,3293,4
8826745834628687644,-11.12651,-37.38967,05/12/2024,17:02,1733418120,25,1598,4
5315306370309252208,-9.68903,-37.91672,05/12/2024,17:02,1733418120,25,925,2
4382123693568574300,-10.61496,-36.87261,05/12/2024,17:02,1733418120,25,2364,4
1814906704404346935,-11.50039,-37.48275,05/12/2024,17:02,1733418120,25,2056,4
1438705538956019325,-10.61357,-36.8633,05/12/2024,17:02,1733418120,25,2364,4
146362040840177638,-10.48237,-36.78442,05/12/2024,17:02,1733418120,25,2369,4
3315410351605141845,-10.75896,-37.05248,09/12/2024,16:24,1733761440,25,4257,4
1278279633425691475,-11.13596,-37.64676,09/12/2024,16:24,1733761440,25,642,4
3920365243490999961,-11.14463,-37.64128,09/12/2024,16:24,1733761440,25,642,4
7933982835081967194,-10.57123,-36.84114,10/12/2024,17:04,1733850240,25,2364,4
27243229362990454,-10.57269,-36.85073,10/12/2024,17:04,1733850240,25,2364,4
3183713117315915127,-10.98251,-37.81007,12/12/2024,16:45,1734021900,25,2509,2
6209749649732996400,-10.40408,-36.99252,17/12/2024,16:47,1734454020,25,940,4
5582111899978502549,-10.36931,-36.64934,17/12/2024,16:47,1734454020,25,3073,4
2474509343095030939,-10.81605,-37.61229,17/12/2024,16:47,1734454020,25,2509,2
5075522370970522118,-10.36663,-36.65524,17/12/2024,16:47,1734454020,25,3073,4
1589798766472029560,-10.43273,-36.81499,20/12/2024,17:09,1734714540,25,2369,4
7362010036332389605,-10.33373,-36.61065,22/12/2024,16:49,1734886140,25,3073,4
1182943375615437535,-10.57327,-36.85835,23/12/2024,17:28,1734974880,25,2364,4
1855541953976160400,-10.5679,-36.86431,23/12/2024,17:28,1734974880,25,2364,4
3570670743405927633,-10.55957,-36.86063,23/12/2024,17:28,1734974880,25,2364,4
2580836477097195180,-10.3649,-37.30569,24/12/2024,16:30,1735057800,25,3092,4
2656961427235118389,-10.34329,-36.79329,24/12/2024,16:30,1735057800,25,2369,4
7365211791807686936,-10.3791,-37.30338,24/12/2024,16:30,1735057800,25,3092,4
4111378881651651951,-11.27913,-37.94965,25/12/2024,17:09,1735146540,25,4926,2
2381743045610708485,-11.27011,-37.95105,25/12/2024,17:09,1735146540,25,4926,2
1588671839654939775,-10.81317,-37.43737,27/12/2024,16:49,1735318140,25,2136,4
5598666140992031472,-10.91085,-37.99805,27/12/2024,16:49,1735318140,25,4926,2
3659534299692454779,-10.57259,-36.82389,27/12/2024,16:49,1735318140,25,2364,4
935981903434016761,-10.3223,-36.62572,27/12/2024,16:49,1735318140,25,3073,4
5121236489442780969,-10.90068,-37.99939,27/12/2024,16:49,1735318140,25,4926,2
6764839671724329777,-10.91379,-37.87044,27/12/2024,16:49,1735318140,25,2509,2
8141653302836778351,-10.91221,-37.85854,27/12/2024,16:49,1735318140,25,2509,2
1198893554236378196,-10.90053,-37.09253,27/12/2024,16:49,1735318140,25,248,4
5234841393469951512,-10.90588,-37.96202,27/12/2024,16:49,1735318140,25,3910,2
769565426470983874,-10.89909,-37.08189,27/12/2024,16:49,1735318140,25,248,4
491253429859269986,-10.52219,-36.73792,27/12/2024,16:49,1735318140,25,2369,4
8745668158633445048,-9.9407,-37.46994,27/12/2024,16:49,1735318140,25,3709,2
2642343657552085267,-10.2826,-36.66393,29/12/2024,16:32,1735489920,25,4246,4
1128634316462151118,-10.28541,-36.68573,29/12/2024,16:32,1735489920,25,3073,4
6529698334989389739,-10.98322,-37.80064,30/12/2024,17:11,1735578660,25,2509,2
8027912446506315708,-11.18338,-37.24097,30/12/2024,17:09,1735578540,25,2232,4
1390299520089452640,-11.368,-37.36491,30/12/2024,17:09,1735578540,25,1598,4
8954847852125583930,-10.35855,-36.7487,30/12/2024,17:11,1735578660,25,2369,4
3416919550756724664,-10.99608,-37.94674,30/12/2024,17:11,1735578660,25,4926,2
364017017483084398,-10.56327,-37.76873,30/12/2024,17:11,1735578660,25,3588,2
3946379928568417823,-10.99754,-37.95634,30/12/2024,17:11,1735578660,25,4926,2
8108471678074338910,-10.56474,-37.77855,30/12/2024,17:11,1735578660,25,3588,2
2676588628886854221,-10.30572,-36.73986,30/12/2024,17:11,1735578660,25,3073,4
2592321095590271330,-10.98175,-37.79101,30/12/2024,17:11,1735578660,25,2509,2
3448380245156143857,-11.40529,-37.77818,30/12/2024,17:09,1735578540,25,4932,4
5503940449978068688,-11.21246,-37.25353,07/01/2023,15:50,1673106600,25,2232,4
6767253411677877346,-10.3177,-36.77739,10/01/2023,16:20,1673367600,25,2369,4
2190527755030712201,-11.13354,-37.6382,10/01/2023,16:20,1673367600,25,642,4
3993999715590431288,-10.42755,-36.58699,10/01/2023,16:20,1673367600,25,3073,4
852830826851540280,-11.37199,-37.91528,17/01/2023,16:22,1673972520,25,4932,2
227398504750229315,-10.95356,-37.85742,20/01/2023,16:52,1674233520,25,3910,2
6293081757823966006,-10.85226,-37.8999,24/01/2023,16:24,1674577440,25,4430,2
1711008340968671794,-10.85365,-37.90926,24/01/2023,16:24,1674577440,25,4430,2
6018025282377913934,-10.61433,-36.82223,26/01/2023,16:11,1674749460,25,3605,4
1954919011774210996,-10.61565,-36.83166,26/01/2023,16:11,1674749460,25,3605,4
8269410380672717271,-11.17095,-37.4576,26/01/2023,16:11,1674749460,25,1598,4
7888291430268833317,-10.76193,-37.60107,28/01/2023,15:58,1674921480,25,4501,2
4096217652174002939,-9.97926,-37.29776,28/01/2023,15:58,1674921480,25,3709,2
6499640115106638765,-10.93849,-38.01429,09/02/2023,16:17,1675959420,25,4926,2
6267628891336248929,-11.22707,-37.3827,09/02/2023,16:17,1675959420,25,1598,4
557399546909109351,-11.24485,-37.2482,09/02/2023,16:17,1675959420,25,2232,4
4104109111346433508,-11.24616,-37.2574,09/02/2023,16:17,1675959420,25,2232,4
5989650023378628597,-11.00603,-37.95083,23/02/2023,16:22,1677169320,25,4926,2
5530912136247004820,-10.26663,-37.16938,23/02/2023,16:22,1677169320,25,1821,4
3438643169865428439,-10.2756,-37.16801,23/02/2023,16:22,1677169320,25,1821,4
8568391696851234174,-10.70668,-37.34077,23/02/2023,16:22,1677169320,25,2136,4
9209134314264467205,-10.63318,-36.71942,01/03/2023,15:41,1677685260,25,3605,4
7004850239395197873,-10.67996,-37.55731,02/03/2023,16:24,1677774240,25,2658,2
7701272872489507537,-11.16399,-37.78784,02/03/2023,16:24,1677774240,25,2137,4
8410618568582921891,-11.36094,-37.94053,02/03/2023,16:24,1677774240,25,4932,2
869412253435541690,-10.69141,-37.23623,04/03/2023,16:09,1677946140,25,2700,4
5999182814880105414,-11.08397,-38.02929,04/03/2023,16:09,1677946140,25,4926,2
2665722549089005536,-11.16953,-37.30693,04/03/2023,16:09,1677946140,25,2232,4
2095546944781170424,-10.76428,-37.07334,09/03/2023,16:24,1678379040,25,2806,4
57637613210340662,-10.74324,-37.05733,09/03/2023,16:24,1678379040,25,4257,4
1191988405085842671,-10.76288,-37.06391,09/03/2023,16:24,1678379040,25,4257,4
6954977286271746107,-11.03801,-37.99591,11/03/2023,16:11,1678551060,25,4926,2
1243505205142851947,-11.2345,-37.57104,11/03/2023,16:11,1678551060,25,302,4
3604541028954233365,-10.76826,-37.62625,16/03/2023,16:26,1678983960,25,2509,2
159822016823935766,-11.02582,-38.06229,16/03/2023,16:26,1678983960,25,4926,2
6240532063480656938,-11.26644,-37.37523,16/03/2023,16:26,1678983960,25,1598,4
5512177214233515689,-10.77106,-37.49071,23/03/2023,16:26,1679588760,25,868,4
969353809192993430,-10.19597,-36.97543,28/03/2023,16:41,1680021660,25,922,4
9016439389801853320,-10.77499,-37.62577,12/04/2023,15:46,1681314360,25,2509,2
5547572766506543173,-10.78374,-37.62045,12/04/2023,15:46,1681314360,25,2509,2
5339705094791780223,-10.48618,-37.29102,15/04/2023,16:16,1681575360,25,3092,4
2496867425348536214,-11.05432,-37.34231,15/04/2023,16:16,1681575360,25,2232,4
204690835668551892,-11.05568,-37.35217,15/04/2023,16:16,1681575360,25,2232,4
3384444973919598981,-10.05842,-37.7709,15/04/2023,16:16,1681575360,25,2951,2
829895357382205658,-9.93961,-37.32765,15/04/2023,16:16,1681575360,25,3709,2
8211859837513621538,-9.80489,-37.47765,15/04/2023,16:16,1681575360,25,3709,2
5610488845479024549,-9.79564,-37.47901,15/04/2023,16:16,1681575360,25,3709,2
6162418264490000564,-10.09365,-37.66467,17/04/2023,16:01,1681747260,25,2951,2
2374020775106244032,-9.88415,-37.28074,17/04/2023,16:01,1681747260,25,3709,2
8496930035653551284,-10.00106,-37.38697,17/04/2023,16:01,1681747260,25,3709,2
7386871478073698345,-9.80874,-37.52853,18/04/2023,16:43,1681836180,25,3756,2
4070175751669989951,-9.97806,-37.56975,19/04/2023,15:48,1681919280,25,3709,2
2434775059795546981,-10.64638,-37.26897,20/04/2023,16:30,1682008200,25,2700,4
6329094758734300495,-10.8992,-37.97072,20/04/2023,16:28,1682008080,25,4926,2
2591864604433410830,-10.94148,-38.00526,20/04/2023,16:28,1682008080,25,4926,2
2365247913653752737,-10.94283,-38.01441,20/04/2023,16:28,1682008080,25,4926,2
366695293289249191,-10.45274,-37.33537,29/04/2023,16:18,1682785080,25,4709,2
8583175139378370717,-10.93272,-38.07167,11/05/2023,16:30,1683822600,25,4926,2
3704695619424402603,-10.22618,-37.30079,13/05/2023,16:18,1683994680,25,1632,4
4780496388146261504,-9.79547,-37.46587,15/07/2023,16:09,1689437340,25,3709,2
112837137088286178,-10.55167,-36.74084,10/10/2023,16:16,1696954560,25,2369,4
6102150438081422437,-10.55011,-36.72908,10/10/2023,16:16,1696954560,25,3293,4
8225286095836585049,-10.54856,-36.71745,10/10/2023,16:16,1696954560,25,3293,4
3712665013972746927,-10.54158,-36.74223,10/10/2023,16:16,1696954560,25,2369,4
3528497506459469559,-10.54104,-36.73687,10/10/2023,16:16,1696954560,25,2369,4
7444620971047006034,-10.54003,-36.73049,10/10/2023,16:16,1696954560,25,3293,4
6462991552916920058,-10.53942,-36.7252,10/10/2023,16:16,1696954560,25,3293,4
6432435873521383799,-9.8936,-37.52564,13/10/2023,16:41,1697215260,25,3709,2
3803343701811188991,-9.82102,-37.66145,15/10/2023,16:26,1697387160,25,3756,2
7552590862585409842,-9.81972,-37.65216,15/10/2023,16:26,1697387160,25,3756,2
1883207019144298431,-11.14086,-38.05433,16/10/2023,17:09,1697476140,25,4926,2
1293702524788143919,-11.13849,-38.04693,16/10/2023,17:09,1697476140,25,4926,2
5920513560576110626,-11.13576,-38.02478,16/10/2023,17:09,1697476140,25,4926,2
2572350879762433266,-9.88957,-37.28181,20/10/2023,16:39,1697819940,25,3709,2
6830587002022047533,-9.90459,-37.37114,22/10/2023,16:24,1697991840,25,3709,2
2948701382206676675,-9.89844,-37.53106,22/10/2023,16:24,1697991840,25,3709,2
4767626477200245645,-9.89708,-37.52122,22/10/2023,16:24,1697991840,25,3709,2
8145283960742316792,-10.39546,-36.90962,05/09/2023,16:26,1693931160,25,4515,4
7402566809906549133,-10.39416,-36.90061,05/09/2023,16:26,1693931160,25,4515,4
994430126737304053,-11.11669,-37.36002,24/10/2023,16:09,1698163740,25,1598,4
8322500529457195894,-10.511,-36.82174,26/09/2023,16:20,1695745200,25,2369,4
6417924460824743067,-11.15492,-38.02345,29/09/2023,16:48,1696006080,25,4926,2
4948644866254236549,-10.54371,-36.86245,30/03/2023,16:28,1680193680,25,2364,4
4003318437332046922,-10.87658,-37.23887,30/03/2023,16:28,1680193680,25,4498,4
8245689433288908160,-10.49944,-36.66183,16/02/2023,16:20,1676564400,25,3293,4
5964958003201860168,-10.50077,-36.67094,16/02/2023,16:20,1676564400,25,3293,4
4248762080951040702,-10.94987,-37.9431,16/02/2023,16:20,1676564400,25,4926,2
1784131229420948885,-10.95117,-37.95233,16/02/2023,16:20,1676564400,25,4926,2
5237424631515887140,-10.26288,-37.44425,16/02/2023,16:20,1676564400,25,3091,2
8220295406436189755,-11.04463,-37.82862,16/02/2023,16:20,1676564400,25,3910,2
6267074690213385986,-10.26418,-37.45331,16/02/2023,16:20,1676564400,25,3091,2
389579240695639377,-11.37843,-37.7832,16/02/2023,16:20,1676564400,25,4932,4
3042480711349656380,-11.37973,-37.79243,16/02/2023,16:20,1676564400,25,4932,4
107283940909337640,-11.16035,-37.23978,29/10/2023,16:20,1698596400,25,2232,4
2572493335902087193,-10.84925,-37.40019,03/11/2023,16:33,1699029180,25,2232,4
670577182771462618,-10.84794,-37.39117,03/11/2023,16:33,1699029180,25,322,4
1259221105709119950,-11.04173,-37.19534,03/11/2023,16:33,1699029180,25,4498,4
6483118580906753149,-9.86072,-37.37403,05/11/2023,16:17,1699201020,25,3709,2
2983661274289180184,-11.18388,-37.26969,05/11/2023,16:17,1699201020,25,2232,4
9057817975059153342,-11.17347,-37.2711,05/11/2023,16:17,1699201020,25,2232,4
6863200249866088447,-9.85671,-37.36493,15/11/2023,16:39,1700066340,25,3709,2
9097025250375857895,-11.29682,-37.37099,21/11/2023,15:54,1700582040,25,1598,4
1835953672842526296,-11.44363,-37.42297,22/11/2023,16:34,1700670840,25,2056,4
8666805677300217692,-11.20537,-37.38933,24/11/2023,16:20,1700842800,25,1598,4
6364812394435569796,-11.06204,-37.99691,24/11/2023,16:20,1700842800,25,4926,2
3494835300036436669,-11.06037,-37.98428,24/11/2023,16:20,1700842800,25,4926,2
9102379829754378122,-10.804,-37.21565,24/11/2023,16:20,1700842800,25,2575,4
65827640221748209,-10.77658,-37.31033,24/11/2023,16:20,1700842800,25,322,4
5757108487675558154,-11.06205,-37.89626,29/11/2023,16:32,1701275520,25,4926,2
1869627403695144491,-10.9707,-37.19381,29/11/2023,16:32,1701275520,25,4498,4
499628332997647977,-10.95496,-37.78638,29/11/2023,16:32,1701275520,25,2509,2
5842885256614379305,-10.95366,-37.77724,29/11/2023,16:32,1701275520,25,2509,2
2652444597788835266,-10.94402,-37.51786,29/11/2023,16:32,1701275520,25,2509,4
2776052181344086228,-10.84415,-37.59489,29/11/2023,16:32,1701275520,25,2509,2
6062693059161919653,-10.71896,-37.04135,29/11/2023,16:32,1701275520,25,4034,4
8610479947532782365,-10.71765,-37.03234,29/11/2023,16:32,1701275520,25,4034,4
2530532898396989619,-10.46183,-36.79421,29/11/2023,16:32,1701275520,25,2369,4
5180163164351761117,-10.46052,-36.78519,29/11/2023,16:32,1701275520,25,2369,4
1131641576257541273,-10.05985,-37.71039,29/11/2023,16:32,1701275520,25,2951,2
8009605396148393794,-10.95442,-37.26686,04/12/2023,16:41,1701708060,25,4498,4
3374018534070429275,-11.15304,-37.20278,06/12/2023,16:26,1701879960,25,2232,4
1258023600693044431,-10.28651,-37.18093,08/12/2023,16:11,1702051860,25,1821,4
4820635370870945165,-10.28378,-37.17429,08/12/2023,16:11,1702051860,25,1821,4
4014977547566349299,-10.29174,-36.75793,11/12/2023,16:39,1702312740,25,3073,4
3173629640646529791,-10.56935,-37.21868,13/12/2023,16:24,1702484640,25,3092,4
8024889638210178477,-10.56787,-37.20801,13/12/2023,16:24,1702484640,25,3092,4
6499098989097725925,-10.43451,-37.64794,13/12/2023,16:24,1702484640,25,1002,2
2773212892063745111,-10.43299,-37.63677,13/12/2023,16:24,1702484640,25,1729,2
23445078638534605,-10.42617,-37.66049,13/12/2023,16:24,1702484640,25,1002,2
797533523173869811,-10.42465,-37.64933,13/12/2023,16:24,1702484640,25,1002,2
7534374722566075888,-10.42315,-37.6382,13/12/2023,16:24,1702484640,25,1002,2
5529048668528970281,-10.41781,-37.67302,13/12/2023,16:24,1702484640,25,1002,2
8757429492975026340,-10.40644,-37.6632,13/12/2023,16:24,1702484640,25,1002,2
7235843121613276744,-10.41631,-37.66189,13/12/2023,16:24,1702484640,25,1002,2
8139319801174664268,-10.41481,-37.65076,13/12/2023,16:24,1702484640,25,1002,2
3006790111800391559,-10.78988,-38.01317,13/12/2023,16:24,1702484640,25,3757,2
1884662293763056306,-11.18,-37.35988,13/12/2023,16:24,1702484640,25,1598,4
9038589426669442092,-10.84274,-37.57281,13/12/2023,16:24,1702484640,25,2509,2
2031090762172825749,-10.84126,-37.56166,13/12/2023,16:24,1702484640,25,2509,2
2477317908923462554,-10.84112,-37.56728,13/12/2023,16:24,1702484640,25,2509,2
1587284271633904982,-10.79152,-38.02508,13/12/2023,16:24,1702484640,25,3757,2
7839097829705020381,-10.92934,-37.87117,16/12/2023,16:49,1702745340,25,3910,2
7464059061547522372,-11.01929,-37.7296,16/12/2023,16:49,1702745340,25,3910,4
5820518616769673625,-10.5209,-37.01583,25/12/2023,16:28,1703521680,25,940,4
2340200478611442257,-10.88525,-37.95954,30/12/2023,16:39,1703954340,25,3910,2
6404918533334751092,-10.8763,-37.96085,30/12/2023,16:39,1703954340,25,4430,2
3637544898485684172,-10.73584,-37.07726,30/12/2023,16:39,1703954340,25,2806,4
5885240091857675473,-10.7344,-37.06769,30/12/2023,16:39,1703954340,25,2806,4
4274988997356789965,-10.72667,-37.07872,30/12/2023,16:39,1703954340,25,2806,4
8887101391714843012,-10.72523,-37.06916,30/12/2023,16:39,1703954340,25,2806,4
6804051557697976773,-10.41207,-36.94847,30/12/2023,16:39,1703954340,25,3034,4
